V1;V2;V3;V4;V5;V6;V7;V8;V9;V10;V11;V12;V13;V14;V15;V16;V17;V18;V19;V20;V21;V22;V23;V24;V25;V26;V27;V28;V29;V30;V31;V32;V33;V34;V35;V36;Classification Expert;Classification CAH R
Well-236;280.7949074;211.8839699;179.8014785;170.5769444;161.8208333;161.8864247;147.5848611;130.5218447;115.7490278;83.558171;89.1424513;89.28363095;101.4672043;101.4092211;93.15672043;109.4310811;92.17042607;91.65925926;137.065;106.1975694;92.61631944;0;0;0;0;0;0;0;0;0;0;0;0;0;0;Good;medium
Well-237;216.9468137;210.6233747;202.1239694;208.1191294;231.6668165;244.3091352;230.6720624;222.2174731;248.4548611;277.168251;199.8937075;206.9431119;194.2240196;274.912037;212.9101307;189.3269231;189.2129469;177.4734358;168.4409472;159.7411202;156.4253648;153.5285868;167.2014746;158.6893939;152.0687702;151.872607;142.4166667;157.3030303;198.559546;140.7031453;162.7447589;143.9084412;139.7267897;136.4410096;142.9525802;Good;Good
Well-238;140.6369048;203.501933;88.80946328;70.59347588;60.35497076;48.627943;72.67333333;31.04694635;42.01012731;37.83363095;33.62227564;30.15;30.15324074;25.7186828;22.47410714;17.12766831;20.99055556;15.07526882;15.07526882;15.075;15.27547065;15.075;15.07526882;15.07526882;15.07456897;15.07526882;15.075;15.72537879;14.71513889;14.49798387;15.70981183;15.67633929;21.34865591;14.04472222;13.64408602;bad;bad
Well-239;106.3333333;251.0044872;238.8051713;171.6262376;141.1172222;121.7419355;115.3151389;95.44361111;87.40336022;73.59787472;69.70245902;70.63604972;82.21080369;65.63087056;62.20068359;61.63707483;52.29902778;53.20157233;47.98803763;45.66059322;45.24107143;45.12174036;45.16728856;50.47365591;40.59824415;42.84101655;38.87410714;0;0;0;0;0;0;0;0;medium;medium
Well-243;128.5277778;84.36805556;69.45436508;61.25789474;54.68206522;55.08120438;48.88978495;43.85034602;40.89892473;39.20124421;35.54305556;42.19809942;37.74339789;36.19562147;35.48339161;33.53429603;32.16479401;31.0470339;31.02786885;31.45002914;30.04569892;29.84660388;29.44681456;30.83622685;24.31554136;25.38004032;30.41566265;25.74267399;27.02860697;28.18581081;39.53611111;26.87188209;21.44902778;33.02258065;37.23888889;bad;bad
Well-244;29.7625;170.71253;143.3274898;113.260902;113.8543923;77.06633222;69.39548726;64.12891499;62.37101064;49.67688172;49.29849261;51.66953552;47.77508361;40.86545699;28.83872378;27.57866667;40.08205128;37.0781746;29.14754566;30.10438909;28.34232306;28.46769006;41.41844512;19.78870968;23.1065;19.98427419;18.93481183;22.71306405;17.10766129;16.13972222;3.706854839;18.56278736;10.82943548;13.21016329;16.7286859;medium;bad
Well-246;196.8384831;148.014214;74.25484496;76.70455817;63.37379973;64.67654454;49.19819444;45.94007804;45.24155405;52.04881338;42.18945523;37.61458333;35.21162281;39.61570946;33.56677524;35.21085011;32.3641129;32.53104575;33.33679183;29.6;24.44625;25.39443512;25.63945578;29.11861702;31.99407328;35.38425926;67.88374486;66.19701087;18.78682796;19.04591503;17.44535256;16.16303763;14.97638889;12.64704301;14.41223118;medium;bad
Well-247;32.36599099;32.49064626;22.46505376;16.79055556;15.38064516;13.35100575;12.80014368;9.922983871;10.07138889;8.396370968;6.597402597;7.019494048;6.869758065;6.196666667;6.774327957;6.704305556;6.774327957;7.3453125;5.205694444;5.519623656;4.633888889;4.479704301;4.12745098;4.647916667;4.594086022;6.22625;6.631182796;4.975595238;0;0;0;0;0;0;0;bad;bad
Well-248;30.38230994;149.9405488;104.3699495;92.61891234;88.40902778;79.61760753;93.25320513;84.50675287;71.04962244;60.27533784;52.07281553;51.41112013;51.79345238;49.90107527;49.36583333;47.0577957;45.38763889;44.0816092;34.81333333;29.80040793;24.32083333;22.98222222;24.09663978;24.26841398;23.83333333;23.9228959;25.84910714;24.72163978;267.2875;34.36858974;32.02949011;46.61304012;0;0;0;medium;bad
Well-249;250.4810897;175.6224462;127.2083333;113.1646341;97.58805556;88.22855592;80.61465054;78.69813218;75.2;75.62848485;69.56586022;68.50929054;65.94005376;62.49810606;62.08671587;57.46885246;57.18601695;56.65383554;54.47545847;53.01583333;49.15419408;47.13429152;43.00741051;55.86031746;57.12845706;54.43888889;42.9425;38.82836022;37.29564846;31.6720297;35.78179113;36.55876866;37.93132184;38.13991081;36.17556497;medium;bad
Well-250;184.8158602;250.8223404;213.3010753;197.6655556;168.7698087;147.4070928;152.9976019;139.2698925;130.1785915;127.9087963;103.1092424;130.0934557;150.2706706;129.4946043;116.0081989;113.4270833;96.78937433;108.8454693;104.2389486;104.6301075;104.8691667;113.7135753;115.0440278;110.0400538;116.0403226;103.0797222;90.54717742;93.38305556;87.36989247;92.33145161;86.80639881;78.61102151;84.27744596;83.9734589;97.02390351;Good;medium
Well-251;28.01141975;26.04753521;25.55289855;21.92863985;54.44476744;46.48859127;0;44.15284268;109.4393939;40.75280269;32.26432292;36.539422;31.27338435;29.54705711;27.31421233;24.63944647;24.11424242;21.99614726;21.08895285;21.5565371;20.06743421;20.34408127;19.11157718;35.01903292;19.65222019;21.93090717;20.84134615;23.11126045;17.36711712;15.45944444;6.105753968;42.61969697;6.735243056;7.771370968;9.193888889;bad;bad
Well-253;50.05;31.70191257;26.38624101;23.44784946;22.14817975;21.00524194;19.71714206;19.17155067;16.87457627;12.63985006;14.95644654;15.95172414;16.47590361;13.18515258;14.09270833;12.58660714;11.55829757;11.26005747;15.6045045;16.18489583;12.25895317;11.31868812;10.66041667;12.18273543;10.3465;11.76847484;11.46478614;10.67125382;8.299202128;8.158061594;6.473790323;4.56875;5.32405914;18.12962963;8.400138889;bad;bad
Well-254;41.17961165;243.1360619;147.4907709;118.4172886;104.8518715;77.43266129;73.98472222;76.11729923;72.97768362;70.11637001;64.54704301;62.31423611;59.945;64.93046075;62.26666667;58.82643581;54.93413978;56.58986928;58.30725309;53.31338798;50.99971751;49.39638521;47.12943548;54.49363426;47.85458896;44.37238676;39.70218121;49.09079602;87.40441176;157.75;96.52093023;69.43696237;61.53722222;53.42480359;62.19642857;medium;bad
Well-255;211.1244048;280.5067274;211.4172886;167.2578383;145.1955575;132.5994526;118.5127688;108.2321628;100.0979839;97.82715054;91.803125;86.47298387;85.40180556;91.85430108;91.88930556;87.82311828;94.61454183;78.85027778;69.31774194;70.99247492;66.58884409;70.02379032;66.1546131;60.80685484;63.74569444;63.17782258;71.58169578;84.27719907;115.077474;52.38020833;0;0;0;0;0;medium;medium
Well-256;632.085;344.0467172;310.9497222;276.7352196;251.2794289;262.1113889;231.1381944;224.1070076;236.6536585;215.9891667;203.0790183;200.8772447;182.9040855;229.8674242;210.5999729;192.0840324;180.8166956;174.0513754;170.217981;167.0493528;189.7795045;176.409543;151.358871;149.9215278;148.2830367;145.3320833;143.1140777;138.9551075;134.6385417;137.4439318;133.7938963;130.5910439;141.5909574;137.4195633;124.5911552;Good;Good
Well-257;244.4625;165.8709795;175.5450708;174.9262821;70.77137446;173.2180108;142.2442689;103.5903452;117.3563412;133.58171;110.2900585;141.1893939;151.5689394;148.8372261;139.6087366;132.1204167;111.0231931;123.7254585;117.4092262;117.9594086;117.9919444;127.2431452;127.9993056;122.9590054;121.5683804;112.3426389;99.11048387;103.6269444;98.29475806;103.5185484;98.18869048;94.55927419;107.5058305;108.6314419;106.1934685;Good;medium
Well-258;86.27944444;51.86289174;69.28812057;88.79731912;62.76537698;107.9386905;46.21527778;261.5535714;114.1679142;77.79785628;76.21943049;58.59192251;54.68507752;55.35612855;48.92708333;154.7923611;118.6465054;87.93910256;89.4;85.29939516;41.68886025;45.38184307;38.03422619;37.06967213;40.23354167;49.28488956;58.48533951;33.23366556;28.93319672;32.04903978;28.13969749;129.9958333;40.3209571;27.35304054;34.71696128;bad;bad
Well-259;163.0864583;94.70772358;54.06586022;40.08790323;34.27611111;30.93460265;34.52464539;24.9172043;25.3608871;24.77931034;18.80680556;19.93785073;20.00336022;19.15180556;18.75819892;12.98575269;15.18888889;13.82540323;13.20166667;18.52446237;17.62755376;18.26979167;14.35967742;14.42430556;11.59744624;10.21930556;9.784677419;10.10416667;9.563611111;8.80188172;8.878333333;6.597849462;9.522177419;8.741369048;9.111962366;bad;bad
Well-262;293.3704167;200.9078579;172.1397222;155.6436588;143.3892617;133.0204301;123.6317204;119.6783854;110.5267473;116.0340653;111.4188172;108.9115278;105.9755376;102.3586601;102.6938807;92.8170765;92.11327684;91.60423542;88.91626214;87.13116667;90.1615676;83.4731417;77.37227011;87.49435953;93.38194444;83.36815476;53.35472595;50.20645161;56.98722222;49.38476348;56.01412918;54.7979798;54.04123563;53.13670569;44.19290123;medium;medium
Well-263;68.79166667;111.7370192;102.6761299;106.4072222;78.93064516;58.67164391;46.0662082;40.88739908;35.19556452;361.0128378;193.9813674;132.3694915;104.4800408;68.44217995;79.70238095;71.41216216;71.81609663;73.59877622;63.31926407;47.37219267;57.84385666;51.07149123;48.2230303;34.12271898;40.10276074;46.11011905;41.35666127;50.39970356;46.69045608;39.66916667;36.5719086;37.73439242;40.30513889;40.37749169;38.83737458;medium;bad
Well-264;117.0802469;61.99269279;39.84648345;30.47826087;28.28742424;23.09555556;21.01636905;19.60935722;19.56085132;17.90530303;17.19099553;16.48458486;14.39533561;11.77554224;11.46516165;14.89689781;13.68628293;10.48848684;9.956886574;10.14035836;10.46041667;9.458767361;12.21073298;15.04359823;10.77318689;8.473830409;8.883896797;8.663636364;8.121052632;7.847643098;7.743154762;8.36879085;9.011481481;9.088636364;7.194543298;bad;bad
Well-265;36.59839357;23.47269144;19.7397541;18.88402527;18.00205399;16.49200337;16.02874037;15.92183806;14.73185484;14.36057126;14.79920364;27.38241309;15.47364547;10.16112167;16.82;11.13407738;9.422043011;11.24458333;9.126344086;9.050833333;10.76263441;9.398252688;8.459305556;7.424003322;8.114305556;6.149327957;5.982392473;6.221551724;6.230510753;8.375420875;8.506048387;7.645972222;8.019489247;8.401075269;9.084672619;bad;bad
Well-266;287.5879167;255.4483333;197.3594125;167.3204265;152.4811242;139.2107576;132.6020492;123.9420833;118.2205882;111.9857345;112.3340695;126.8185941;124.9229526;118.6669521;123.00249;106.5245657;105.0120432;102.0761905;100.7671807;99.45385906;96.87076503;104.5458333;112.4102564;120.8218326;98.59712644;107.144217;99.54290582;0;0;0;0;0;0;0;0;medium;medium
Well-267;62.49691358;67.52838983;47.046156;75.35148262;39.60056954;30.02709021;37.64100753;34.05238527;34.04843074;24.81597222;20.88075397;26.05833333;22.93252688;22.06438172;24.64847222;23.7459856;22.63708333;22.0452957;20.54247312;19.55718391;16.61120592;22.60378229;24.4883658;22.16388889;20.47096774;20.68561828;18.91949405;19.42607527;18.20527778;17.49879032;17.34139785;18.27001456;15.49192015;14.15805556;11.16814516;bad;bad
Well-268;263.7479167;336.5809403;194.1151877;177.7802083;141.6361559;121.8125;110.8745928;96.17819444;84.02527076;50.17633333;53.2356466;59.61895161;52.94972222;50.89825269;47.95873016;41.28042877;47.39180108;48.20736111;44.21255447;46.79361979;49.50510753;54.46479885;50.90470085;0;0;0;0;0;0;0;0;0;0;0;0;Good;medium
Well-270;52.72291667;317.4660853;334.4468391;275.385101;226.5317065;193.5559681;198.3487288;204.1263538;194.2084704;179.1595833;168.6385722;159.7572774;151.7987705;168.2414274;167.5453869;142.734589;151.7863165;132.3040387;127.7405303;120.4881595;110.6202652;102.4586111;102.4240278;106.2561896;102.3462302;110.9064128;94.44003378;102.5130316;94.98490128;0;0;0;0;0;0;Good;Good
Well-271;104.394081;66.07595326;71.99408602;70.80529226;56.45120968;50.0553233;48.57486559;45.54356061;47.5479473;40.09586247;38.05722222;36.68452381;34.81626344;33.63844086;32.8701484;32.51943408;26.06209677;31.91025641;47.00740741;51.96266667;19.43060897;18.32405914;18.10180556;14.77956989;18.51021505;16.82261905;17.99018817;18.10180556;31.53884409;31.76694444;30.15053763;31.74535256;31.78666667;27.22620968;32.44222222;bad;bad
Well-273;126.175;336.3837121;306.2389881;376.9786859;234.2336158;211.4300542;202.965;240.7005295;201.0206981;175.8354377;169.1133787;191.6467136;187.8329932;163.5884224;153.7249695;166.3585796;138.4985119;136.7089286;130.5435668;123.6175895;121.5118464;119.6852958;127.4138669;142.6157407;115.3445946;112.1827029;108.6717861;0;0;0;0;0;0;0;0;Good;Good
Well-274;239.973;130.0195;114.1734048;79.29402778;66.53128415;61.08980583;59.99910394;53.31693548;44.76652778;37.70725806;53.59754151;41.82585034;39.225;42.65722656;51.51217421;44.03321813;0;0;0;0;0;0;0;0;0;0;0;0;0;0;0;0;0;0;0;medium;bad
Well-279;386.7547619;367.8380911;263.1775599;221.9320776;198.1175799;180.0916385;157.3298736;149.0191886;138.1691667;134.2118393;129.1409605;132.9851748;146.7157321;142.5100519;129.5419835;135.2981172;115.769527;111.1332255;107.9069245;103.0627049;98.02814939;96.00687569;98.38066202;100.4550484;107.6179739;89.54646893;93.04938272;92.42310167;0;0;0;0;0;0;0;Good;medium
Well-280;126.4848765;118.645288;100.8862179;92.4077957;81.20538721;79.69865591;75.02986111;71.02083333;67.26623377;68.05688807;63.04697987;59.05263889;57.36414224;55.4087109;52.6860119;51.89576591;49.20253623;49.64201389;24.92444444;34.5356025;43.0474359;26.84490741;35.95174731;34.99083333;21.47076503;23.43569444;26.59389881;27.88454301;25.57027778;33.72379032;30.02666667;28.63346774;30.69871795;26.17166667;23.50026882;bad;bad
Well-281;106.2254073;70.35446643;53.54420152;46.95399023;38.82129329;35.49371345;32.41666667;29.77104236;28.6639698;27.23009737;24.98661252;22.51687207;20.22025862;18.06653226;19.58482143;23.36446886;17.17150171;16.77090348;15.98487349;15.05480226;15.0690753;16.13966837;21.22977053;16.07317073;13.17907801;14.18801531;13.39961447;12.09423937;10.80440199;10.11917563;11.46417866;16.99388379;17.1838685;9.346520763;9.344444444;bad;bad
Well-282;448.3467742;389.731264;272.2665278;217.6518817;194.5715054;175.6988889;188.9289054;174.0277778;164.1823925;145.2094086;111.3541667;109.1602132;113.2770692;112.449328;112.0961111;106.5240591;108.7212269;108.8113469;102.9260315;97.46972222;94.68357684;92.7655914;97.43741427;92.60416667;86.98425926;65.50774854;62.56416063;63.77197266;63.26251526;58.53514235;55.125;53.39353448;46.96236559;53.60078463;53.90610119;Good;medium
Well-283;93.34981685;68.01486111;60.40533981;89.87200855;58.65038002;87.84252451;73.16923868;49.9130117;42.09419585;44.33724832;41.94773392;82.27743902;98.96393281;55.16573557;88.65110442;56.34153226;47.41375;40.68897849;39.39641204;35.85504886;32.96609477;29.47727273;98.96621622;42.26789709;31.57874865;33.26663373;27.16585761;25.85935814;25.39777778;24.43051075;23.91388889;22.30798274;22.45551075;22.24702381;22.34196429;bad;bad
Well-284;161.0361111;363.8952381;244.9631971;275.9178161;263.6745818;235.6615954;219.1491667;205.5438312;208.3035244;192.5535519;181.545184;178.2775447;163.3379032;196.329845;195.2251082;162.3073266;158.8949653;146.7573052;145.2800615;146.3968056;168.4957025;141.4178842;133.2016129;130.1781944;127.3151294;124.44;122.3949569;119.4049731;117.646875;117.2305649;117.7955594;116.855239;136.8028233;142.2810345;86.16176471;Good;Good
Well-285;98.59375;145.440812;96.14739583;72.30887097;66.02647715;61.51290323;53.40616667;54.79057496;46.31357527;48.22708333;46.6911526;46.18951613;47.02678571;31.15033223;31.80387205;33.31357527;45.17450306;43.97524929;46.40753119;42.79550209;40.1375;39.28482003;38.72822581;46.03212366;47.74747024;46.23252688;49.51375;32.32607527;32.26972222;30.46061828;32.52361111;27.92166667;25.68051075;26.89138889;24.5594086;bad;bad
Well-286;225.439693;207.6968391;160.6634903;147.145977;140.8341866;129.9116484;118.5937158;110.8833333;108.634153;98.67694257;100.5394582;103.6734349;112.47793;99.03060345;88.01714047;90.59777778;87.59102564;86.00995277;74.53870011;74.28271812;76.0739071;77.19662921;82.43575697;95.63976378;74.90310403;72.58500557;72.15426759;0;0;0;0;0;0;0;0;medium;medium
Well-287;151.9133333;193.6791814;102.6814173;102.9704132;94.76403509;73.56099232;69.79615162;61.00651659;46.11369347;40.9407277;41.04225768;41.93137255;42.03623188;96.41071429;41.20363409;38.02905329;30.83027778;32.79222222;29.57804487;28.43251174;19.9891129;17.10597222;21.35326689;22.19833333;21.94502688;21.73037634;21.14827586;15.89583333;16.58347222;23.19502688;20.98069444;21.65403226;20.81922043;18.95366667;17.00744048;bad;bad
Well-288;673.7192982;322.9535985;201.5021478;163.9068287;141.3113118;90.80376788;86.31139184;67.38069544;60.29058792;50.72944631;54.72877847;56.1751634;47.4881376;46.00349462;49.73629944;47.88627613;47.25028058;45.81263441;42.54840885;40.30550595;38.64334471;43.4797619;56.9691911;51.51101695;45.22594086;46.23252688;56.81794294;54.30901361;40.51208333;38.47540323;38.58037634;39.57309028;28.81337136;35.86833333;34.56595941;Good;medium
Well-289;174.5107639;148.4585;87.38405797;83.99608954;106.6588542;54.61627907;38.28066557;27.37458054;36.86774194;44.15587798;37.304;40.8335041;42.53996018;44.62307692;36.71238426;0;0;0;0;0;0;0;0;0;0;0;0;0;0;0;0;0;0;0;0;medium;bad
Well-290;215.1807292;259.5657216;221.7298066;184.9107143;150.3474462;128.1225;112.6258065;100.7676389;90.91511299;65.77395833;60.03163322;60.44905914;54.87722222;56.5561828;42.26502976;57.45643154;52.37231183;52.89055556;51.60749186;60.07874618;68.41040773;40.25925926;89.58458084;94.03026071;30.87196181;0;0;0;0;0;0;0;0;0;0;Good;medium
Well-291;398.4227308;178.8932292;188.8213848;163.3800713;141.1504065;130.6397849;118.2006014;112.6688963;99.58984375;93.96860119;94.02539841;94.73126911;81.04404762;78.39630529;72.65002796;81.2915305;76.45356094;69.57205721;67.77042749;58.70763889;50.26320132;47.06607744;47.25336022;46.37257282;43.88778736;45.11612903;46.05045455;50.65967742;48.67083333;45.91290323;46.95765251;48.49153386;47.72694175;43.36638889;42.97437972;medium;medium
Well-292;117.4620833;152.3173611;114.6990278;94.80739247;86.42236111;81.54973118;93.51895425;78.10097222;74.43185484;71.32263889;69.44944444;67.58602151;66.20208333;64.81424731;62.77753995;60.13087432;99.26808176;60.69757433;60.84031792;65.12798875;97.05223005;82.50442478;0;0;0;0;0;0;0;0;0;0;0;0;0;medium;bad
Well-293;168.65625;152.3756061;124.81661;89.95156438;107.7317251;86.13119369;83.86066017;84.37032164;78.42486559;61.97540509;75.23498878;66.01663773;55.97342995;60.28786232;51.5610119;61.91047705;51.23212366;44.63881803;34.31675317;33.42630385;31.36087329;35.02163462;31.52511223;30.7393736;28.7509887;27.71745643;27.08433908;28.0322327;31.79316143;32.39855837;30.62655473;32.08428753;30.03643911;29.78070988;46.63686343;medium;bad
Well-294;86.33125;131.9625336;107.6230159;97.59825269;102.1480556;95.48481183;90.52399481;64.69742489;67.34260753;69.97194444;26.20602606;69.6516129;66.67339884;52.07177419;45.93030842;46.86693548;45.95458333;46.92589389;43.35925926;38.50169492;42.94556452;36.62130615;37.10846995;37.75497312;41.74732143;43.31765233;42.53333333;40.68897849;41.56222222;40.37839305;42.0432423;38.66847222;34.12014563;36.60291667;34.91169355;medium;bad
Well-296;145.1283701;68.5159396;96.73670757;46.31780167;34.8825;42.51558524;45.12247024;50.83615591;43.3870915;35.85681818;28.25208333;27.41223118;47.64462366;49.83459596;39.04111296;33.14722222;38.62325269;38.60416667;38.63002874;25.58305369;32.24705387;41.43803763;32.08736111;46.95765251;28.04193548;44.97455357;43.73611111;38.75222222;38.68051075;38.42768817;17.51448413;12.74305556;17.12583333;8.49609375;8.626388889;bad;bad
Well-297;120.3204607;76.13631687;70.27833333;80.03333333;52.25259336;32.28557692;62.125;50.05540293;31.94437984;25.77034121;23.1228278;17.44758598;22.87296366;17.25390625;17.38565891;15.6982582;14.36299435;13.775;13.70601852;18.33643018;22.74324324;20.88950893;20.14313272;19.31267507;22.41790429;17.29622396;19.34210526;38.45185185;22.85568182;5.925134409;5.393055556;5.838095238;6.629708904;4.622792494;5.70094086;bad;bad
Well-298;25.93009259;38.10572139;29.69230769;189.1465841;66.15483871;50.89402778;45.96885813;32.19247312;26.30486111;22.77997312;19.00888889;21.96385542;27.57371795;14.51484848;21.43768275;16.07012911;14.63573021;15.70081454;70.87604167;46.26;19.96801968;17.98483397;17.27378543;14.40587045;69.90885417;38.90641026;20.80418826;13.5;16.5173221;23.73824786;2.045212766;3.850138889;4.307930108;3.651229508;4.697097378;bad;bad
Well-300;158.2819383;114.9959856;108.6891473;92.88242009;97.07173679;81.91682449;88.00696721;96.26374269;92.28172658;89.76048753;85.17069892;84.08638211;81.72688802;88.30339404;80.98767007;78.98049052;77.86178161;70.13690476;74.73785971;69.7190678;68.2037037;69.86284722;64.81895161;54.03489399;56.30225753;57.98538773;56.95395531;57.10270701;70.96555281;58.70193452;53.29254386;55.48448276;54.99275362;51.7616171;44.16013889;medium;bad
Well-301;326.5882801;353.561875;239.4342891;182.7717098;183.447619;133.0964245;115.9204418;105.2058743;97.30970149;87.38361111;82.78381033;81.86973834;82.99516129;75.02822581;71.09971264;73.27741935;105.9135802;74.94704301;73.52625;68.5686828;69.93587662;74.56144324;68.68637184;64.47527778;62.19561688;61.83002208;72.05347222;69.60525599;66.56004141;67.47385057;61.72627965;58.65058211;60.39122807;55.66012133;49.11397849;Good;medium
Well-302;384.0125;332.6512821;332.3104167;303.2090395;254.4813412;221.9372744;228.6267007;253.1836111;219.1236428;182.3257705;83.12872279;91.97818396;80.79831768;77.62078059;68.05181024;69.80431548;59.98629032;60.41860119;53.03561606;48.69509476;104.8558856;118.6092687;137.4063307;140.7241189;117.334887;125.0284314;37.81092058;0;0;0;0;0;0;0;0;Good;medium
Well-303;180.7225;98.9789644;73.02459677;59.08938172;51.73708333;48.6676261;46.75419463;41.60558252;40.89408602;41.06767241;38.69565804;37.5095605;36.75793011;34.15522599;32.45;32.86034946;33.90575031;30.44916397;30.07287879;34.09000651;36.77868852;28.95833333;127.7257953;55.47385347;41.38548387;30.94861111;27.81399782;31.97521685;25.19141604;24.83966667;21.08430556;17.07903226;19.33548387;18.59717262;19.28776882;bad;bad
Well-305;234.6777778;128.0534722;139.7891566;27.35431655;49.88210702;70.96193772;77.09150327;72.56202805;66.5685;53.86798541;49.96407538;40.34428328;40.56660693;38.04968553;36.86447951;34.1169697;33.14291531;33.93468468;49.53351852;45.417789;42.83826014;38.90920195;43.12264151;38.36572581;39.59429113;38.84558824;40.52204301;39.44236111;38.4563172;37.71466431;38.0399137;35.20752688;36.66697417;35.38041667;35.64915254;medium;bad
Well-306;71.52916667;261.470614;199.8171453;181.1490228;152.6915423;138.7931338;129.6990428;124.2120939;118.6676261;114.6398611;109.9701996;105.6524049;108.7560433;114.4642234;115.1423767;93.83317786;100.9542275;100.2250859;96.38556134;95.91170635;88.9663671;84.32732103;87.39546784;85.70487313;85.94675926;91.82847896;81.71828783;82.07424497;79.72008547;0;0;0;0;0;0;medium;medium
Well-308;283.6331845;357.6600379;235.0696401;218.2333639;161.9712441;208.0360915;178.0688633;152.0592334;151.3544444;143.5459016;134.8165038;130.9228188;122.1337366;121.3064626;105.5880682;97.87623762;92.33405671;88.75350593;86.69463087;86.22709713;95.60477346;90.30892665;80.66236559;80.28486111;77.07956989;75.46361111;76.47916667;72.49973118;71.13005952;71.1722973;69.54319955;68.21643914;70.32612179;86.6112963;64.50181818;medium;medium
Well-309;227.1701907;284.6618967;236.6391129;201.6438889;179.4245968;163.75;163.4165235;151.3621483;146.5257271;148.3309061;145.8708198;142.6245536;128.3737903;130.3910256;109.9303763;101.0733333;101.7467532;106.28125;87.35888889;89.29731183;73.52625;71.90336022;71.34045699;66.51904762;81.48763441;88.07148829;83.47231183;87.67303922;82.30639881;93.45117474;88.17708333;94.40718284;81.93134921;0;0;Good;medium
Well-310;126.12771;95.93667268;72.60565476;61.86672474;52.88644366;47.92137097;42.47770346;39.43427419;37.62150538;33.71655937;26.05778689;72.92486111;29.71169355;85.4886745;30.44637097;31.91385582;26.50694444;23.26653226;23.74625;21.94986559;22.72271505;21.13244048;19.0016129;19.62513889;18.8812028;25.7358453;33.51025132;30.47916667;90.89837398;0;0;0;0;0;0;bad;bad
Well-312;153.895;147.3981481;112.4066667;89.50712366;77.50974576;72.92382589;65.31309102;66.25973361;61.88024194;59.48652778;58.19921024;55.40925615;54.43151815;52.08920582;48.43784838;47.02916667;44.80097222;44.61124595;42.52454153;41.54672619;39.77782258;40.27482877;40.73904268;40.66996528;43.1697031;52.10320513;55.37871447;64.7320922;63.53736307;0;0;0;0;0;0;bad;bad
Well-313;181.4671517;138.9859155;105.1304167;92.72741935;81.59125;80.39532164;75.42420213;75.03195938;71.23077957;68.8775;66.72835498;65.72418631;64.96555011;66.06623563;59.35897436;60.01021505;58.04708333;54.73877165;53.90587918;51.4077381;51.01747312;50.16623858;48.45317869;51.02222222;57.49076087;75.95104167;86.22195513;71.28316993;72.1281746;0;0;0;0;0;0;medium;bad
Well-316;100.6210938;161.912037;109.0310345;94.82563256;85.25041946;78.56959541;73.24479167;68.41416667;62.49217907;60.82926487;61.93050487;67.6050638;68.66176471;62.3219401;59.53018868;53.47591991;54.17078916;48.6066358;45.31957929;44.51104586;44.73447712;48.30505355;46.25435323;50.65839947;43.90784983;42.69511816;37.29026846;0;0;0;0;0;0;0;0;medium;bad
Well-317;197.9196429;104.6955247;80.36985931;56.97736111;48.97141316;46.43959008;49.21592262;42.99798387;34.36972222;34.40120968;34.37115127;34.43406357;41.1827957;41.65753425;44.9748062;28.63699495;0;0;0;0;0;0;0;0;0;0;0;0;0;0;0;0;0;0;0;bad;bad
Well-318;7.542708333;12.26;88.75;10.8112069;17.99068987;24.06241059;19.44263889;17.84704301;25.88561828;21.32672202;25.2797043;25.79208333;26.31975806;20.40887097;15.30133929;15.54287634;17.43625;17.66102151;19.17152778;21.27715054;17.73663793;14.09402778;17.28884409;15.22777778;16.92634409;15.97701613;10.35238095;11.05833333;10.63819444;7.480376344;7.488194444;7.365860215;10.04246032;6.541666667;5.853629032;bad;bad
Well-319;176.7949074;241.5177083;251.4009503;193.9325331;160.6845638;137.8275966;123.3142303;102.9287725;100.1108414;83.27679574;82.15455975;89.81471631;85.26325758;77.99287281;69.68341779;70.20219638;65.3138166;60.49776786;58.78039054;55.28832219;56.64260176;55.93862613;60.81449142;66.27375887;49.24352477;53.71059432;46.46663753;0;0;0;0;0;0;0;0;medium;medium
Well-320;131.2932099;105.371875;77.09966777;54.43686007;43.10295699;36.1302589;33.40208333;30.89005376;27.67027778;26.06693548;28.97916667;26.04934211;26.03787879;25.38441781;29.07108844;28.20114943;0;0;0;0;0;0;0;0;0;0;0;0;0;0;0;0;0;0;0;bad;bad
Well-322;122.8229167;362.5146048;387.1252884;353.7073707;300.8756803;280.4046986;274.1940678;291.8728941;268.3873355;256.945;241.6300217;225.9717514;223.9265395;241.7680412;218.5601636;205.3176282;180.1689815;194.8837136;184.4047222;173.872452;166.297367;160.4264541;157.9035388;160.698647;173.1949153;167.9343972;145.6421734;141.4500768;152.3574263;0;0;0;0;0;0;Good;Good
Well-323;171.4234375;151.8892276;105.6319892;82.14833333;75.53387097;79.68560606;75.67555556;69.26442826;64.34722222;61.76102151;60.55403226;58.17901786;56.63252688;53.33675799;49.14846278;65.77463168;48.93734336;49.48177083;103.5504587;56.29562044;49.23076923;0;0;0;0;0;0;0;0;0;0;0;0;0;0;medium;bad
Well-324;127.760049;93.49336794;66.12620968;55.17791667;49.37338188;41.75282258;30.48939114;29.52083333;28.12388889;168.1341991;26.72118506;27.51425926;28.57986111;37.54847756;19.73699664;22.99694444;22.4936828;20.70474138;22.06623563;20.21166667;20.04487179;28.92842262;27.16895161;16.54791667;16.32526882;18.26444444;18.69139785;19.48708333;18.75819892;18.88680556;15.49402778;11.53064516;17.80597222;14.45981183;15.28991935;bad;bad
Well-325;127.0378788;66.610134;42.20179181;38.17486559;30.60091991;24.13425926;26.64154705;26.35902778;23.67204301;33.91869919;21.73051075;21.83134921;21.55769231;41.99568966;41.36801676;0;0;0;0;0;0;0;0;0;0;0;0;0;0;0;0;0;0;0;0;bad;bad
Well-328;90.79128788;178.8;235.6368268;189.9146091;153.387931;132.8673561;119.1840508;106.8385067;95.44916397;83.56060606;191.2677623;197.6177746;183.802391;197.2579365;172.1935696;198.4884122;106.1541529;82.89292115;136.4530574;128.625;47.21905537;45.83518519;48.24327957;59.41259259;43.4161055;46.0152214;111.750711;0;0;0;0;0;0;0;0;medium;medium
Well-331;107.7875;218.9869883;176.1721733;175.4861111;116.1846774;100.6658192;97.3220339;81.00237696;80.24499354;72.99458874;70.26777778;69.67670011;69.39513889;60.66566092;101.2424082;65.39975593;58.82033898;55.69118532;62.71919692;62.23940678;57.9969086;59.84767316;62.79074416;60.61298377;55.60680556;54.36557377;53.19287634;60.09845288;54.03101093;51.50852908;45.95107527;49.81944444;43.77155671;48.25380117;46.3504522;medium;medium
Well-332;70.10013889;47.77646199;37.38798516;24.90117329;31.91535548;24.86567797;23.88480392;24.26129695;22.33670442;17.79387515;21.4819397;19.26190476;17.17136364;18.1999328;29.55084098;19.75922619;15.28200483;14.53277778;14.85107527;14.78902778;14.17836022;13.57728495;14.57208333;14.59745293;14.04958333;12.68125;14.88209877;10.27068966;9.582327586;10.57416667;10.41477273;10.31291667;10.05658602;10.41438172;9.97202381;bad;bad
Well-333;42.82638889;275.3721154;177.7171667;146.1358757;127.7630662;117.7910671;106.3659361;97.01421405;88.88225806;84.65537634;78.19181548;73.59704301;26.33930556;81.80255376;31.06680556;80.86276882;83.83399471;70.38111111;60.05793011;61.02458333;56.79475806;59.11330645;54.99940476;49.81532258;51.64333333;49.97271505;57.43831878;63.30377095;59.89583333;214.8806306;0;0;0;0;0;bad;medium
Well-334;109.6758333;342.9352564;372.0924603;363.9931944;323.3740213;293.2198068;276.4324474;313.64625;272.61637;233.3954082;234.7390181;256.5078704;236.758302;195.3221311;192.7407407;190.8988095;196.3701923;170.9245536;164.9433657;160.9493056;159.7361111;179.0852011;178.9043403;223.5091374;165.5683333;147.911385;134.5208333;0;0;0;0;0;0;0;0;Good;Good
Well-336;137.85625;145.21375;95.5225;82.88077957;75.03472222;70.65833333;70.25098039;67.48736111;61.6655914;58.78652778;59.50852908;55.21080044;53.34627976;52.11478495;51.57434361;51.11556095;91.29241742;52.65185624;60.3171729;67.43141386;82.24677716;98.43686869;0;0;0;0;0;0;0;0;0;0;0;0;0;medium;bad